"profissao";"uso";"cluster"
"Médico clínico";710;"G"
"Cirurgião dentista - clínico geral";595;"D"
"Advogado";342;"H"
"Administrador";121;"C"
"Cabeleireiro";79;"F"
"Corretor de seguros";66;"F"
"Gerente administrativo";64;"F"
"Enfermeiro";62;"F"
"Fisioterapeuta acupunturista";60;"F"
"Médico ortopedista e traumatologista";58;"F"
"Médico ginecologista e obstetra";52;"F"
"Médico pediatra";52;"F"
"Preparador físico";48;"F"
"Médico veterinário";46;"F"
"Representante comercial autônomo";44;"F"
"Fisioterapeuta geral";41;"F"
"Médico cirurgião geral";41;"F"
"Contador";39;"E"
"Outras ocupações não relacionadas";32;"E"
"Diretor comercial";31;"E"
"Guarda-civil municipal";28;"E"
"Médico anestesiologista";28;"E"
"Médico cardiologista";28;"E"
"Diretor administrativo";27;"E"
"Gerente comercial";26;"E"
"Técnico de enfermagem";25;"E"
"Médico generalista";23;"E"
"Agente de vendas de serviços";22;"E"
"Diretor administrativo e financeiro";22;"E"
"Auxiliar de escritório, em geral";21;"E"
"Psicólogo clínico";21;"E"
"Corretor de imóveis";20;"E"
"Engenheiro civil";20;"E"
"Médico dermatologista";20;"E"
"Médico oftalmologista";19;"E"
"Diretor geral de empresa e organizações (exceto de interesse público)";17;"E"
"Vendedor de comércio varejista";17;"E"
"Médico psiquiatra";16;"I"
"Técnico agrícola";16;"I"
"Médico em medicina intensiva";14;"I"
"Cirurgião dentista - ortopedista e ortodontista";13;"I"
"Comerciante varejista";13;"I"
"Médico gastroenterologista";13;"I"
"Professor de nível médio no ensino fundamental";13;"I"
"Assistente administrativo";12;"I"
"Comerciante atacadista";12;"I"
"Comprador";12;"I"
"Médico em radiologia e diagnóstico por imagem";12;"I"
"Cirurgião dentista - auditor";11;"I"
"Médico cirurgião plástico";11;"I"
"Médico otorrinolaringologista";11;"I"
"Chefe de cozinha";10;"I"
"Motorista de caminhão (rotas regionais e internacionais)";10;"I"
"Motorista de carro de passeio";10;"I"
"Produtor agrícola polivalente";10;"I"
"Professor da educação de jovens e adultos do ensino fundamental (primeira a quarta série)";10;"I"
"Cirurgião dentista - dentística";9;"I"
"Cirurgião dentista - endodontista";8;"I"
"Consultor jurídico";8;"I"
"Farmacêutico";8;"I"
"Manicure";8;"I"
"Oficial de justiça";8;"I"
"Professor de educação física no ensino superior";8;"I"
"Professor de ensino superior na área de didática";8;"I"
"Protético dentário";8;"I"
"Secretária(o) executiva(o)";8;"I"
"Técnico de vendas";8;"I"
"Analista de desenvolvimento de sistemas";7;"I"
"Analista financeiro (instituições financeiras)";7;"I"
"Biomédico";7;"I"
"Cirurgião dentista - implantodontista";7;"I"
"Cirurgião dentista - odontologista legal";7;"I"
"Cirurgião dentista - traumatologista bucomaxilofacial";7;"I"
"Diretor financeiro";7;"I"
"Médico neurocirurgião";7;"I"
"Médico urologista";7;"I"
"Arquiteto de edificações";6;"I"
"Auxiliar de enfermagem";6;"I"
"Gerente financeiro";6;"I"
"Mecânico de manutenção de automóveis, motocicletas e veículos similares";6;"I"
"Médico endocrinologista e metabologista";6;"I"
"Médico nefrologista";6;"I"
"Motorista de táxi";6;"I"
"Nutricionista";6;"I"
"Piloto de aeronaves";6;"I"
"Trabalhador agropecuário em geral";6;"I"
NA;6;"I"
"Agente publicitário";5;"B"
"Dirigente do serviço público federal";5;"B"
"Esteticista";5;"B"
"Fonoaudiólogo";5;"B"
"Gerente de clientes especiais (private)";5;"B"
"Massoterapeuta";5;"B"
"Médico neurologista";5;"B"
"Técnico em radiologia e imagenologia";5;"B"
"Tecnólogo em eletrônica";5;"B"
"Administrador de sistemas operacionais";4;"B"
"Advogado (direito civil)";4;"B"
"Analista de produtos bancários";4;"B"
"Analista de sistemas de automação";4;"B"
"Apontador de mão-de-obra";4;"B"
"Artista (artes visuais)";4;"B"
"Assistente de vendas";4;"B"
"Cirurgião dentista - odontopediatra";4;"B"
"Cirurgião dentista - protesista";4;"B"
"Confeiteiro";4;"B"
"Engenheiro agrônomo";4;"B"
"Fisioterapeuta osteopata";4;"B"
"Médico angiologista";4;"B"
"Médico cirurgião cardiovascular";4;"B"
"Médico cirurgião do aparelho digestivo";4;"B"
"Médico geriatra";4;"B"
"Médico patologista clínico / medicina laboratorial";4;"B"
"Ministro de culto religioso";4;"B"
"Montador de móveis e artefatos de madeira";4;"B"
"Produtor cultural";4;"B"
"Tecnólogo em alimentos";4;"B"
"Agente de trânsito";3;"B"
"Arquiteto urbanista";3;"B"
"Assistente social";3;"B"
"Atendente balconista";3;"B"
"Consultor contábil (técnico)";3;"B"
"Costureira de peças sob encomenda";3;"B"
"Diretor de suprimentos";3;"B"
"Eletricista de manutenção eletroeletrônica";3;"B"
"Fisioterapeuta respiratória";3;"B"
"Gerente de produção e operações";3;"B"
"Instrumentador cirúrgico";3;"B"
"Médico cirurgião da mão";3;"B"
"Médico de família e comunidade";3;"B"
"Médico do trabalho";3;"B"
"Médico em endoscopia";3;"B"
"Médico mastologista";3;"B"
"Médico reumatologista";3;"B"
"Professor de educação física no ensino médio";3;"B"
"Psicopedagogo";3;"B"
"Sapateiro (calçados sob medida)";3;"B"
"Supervisor (indústria de calçados e artefatos de couro)";3;"B"
"Supervisor administrativo";3;"B"
"Supervisor de vendas comercial";3;"B"
"Administrador de edifícios";2;"B"
"Administrador de fundos e carteiras de investimento";2;"B"
"Administrador em segurança da informação";2;"B"
"Agente comunitário de saúde";2;"B"
"Agente fiscal de qualidade";2;"B"
"Analista de recursos humanos";2;"B"
"Analista de redes e de comunicação de dados";2;"B"
"Analista de seguros (técnico)";2;"B"
"Apontador de produção";2;"B"
"Arquiteto de interiores";2;"B"
"Atendente de lanchonete";2;"B"
"Auxiliar de faturamento";2;"B"
"Cirurgião dentista - periodontista";2;"B"
"Coordenador pedagógico";2;"B"
"Corretor de valores, ativos financeiros, mercadorias e derivativos";2;"B"
"Diretor de manutenção";2;"B"
"Empregado doméstico nos serviços gerais";2;"B"
"Enfermeiro da estratégia de saúde da família";2;"B"
"Engenheiro agrícola";2;"B"
"Engenheiro de produção";2;"B"
"Engenheiro de segurança do trabalho";2;"B"
"Engenheiro mecânico";2;"B"
"Farmacêutico bioquímico";2;"B"
"Frentista";2;"B"
"Gerente de operações de serviços de assistência técnica";2;"B"
"Jornalista";2;"B"
"Médico acupunturista";2;"B"
"Médico cancerologista cirurgíco";2;"B"
"Médico em cirurgia vascular";2;"B"
"Médico homeopata";2;"B"
"Médico infectologista";2;"B"
"Médico nutrologista";2;"B"
"Padeiro";2;"B"
"Pedagogo";2;"B"
"Pintor a pincel e rolo (exceto obras e estruturas metálicas)";2;"B"
"Prático de portos da marinha mercante";2;"B"
"Professor de educação física do ensino fundamental";2;"B"
"Professor de língua inglesa";2;"B"
"Promotor de vendas especializado";2;"B"
"Propagandista de produtos famacêuticos";2;"B"
"Quiropraxista";2;"B"
"Supervisor da confecção de artefatos de tecidos, couros e afins";2;"B"
"Supervisor de compras";2;"B"
"Técnico de contabilidade";2;"B"
"Técnico em estruturas metálicas";2;"B"
"Terapeuta ocupacional";2;"B"
"Administrador de banco de dados";1;"B"
"Administrador de redes";1;"B"
"Advogado (direito do trabalho)";1;"B"
"Advogado (direito penal)";1;"B"
"Agente de higiene e segurança";1;"B"
"Agente fiscal(atividades urbanas)";1;"B"
"Ajustador mecânico";1;"B"
"Analista de cobrança (instituições financeiras)";1;"B"
"Analista de exportação e importação";1;"B"
"Analista de logistica";1;"B"
"Analista de negócios";1;"B"
"Analista de negócios - Inativo";1;"B"
"Aposentado";1;"B"
"Atleta profissional (outras modalidades)";1;"B"
"Ator";1;"B"
"Auditor (contadores e afins)";1;"B"
"Auxiliar de contabilidade";1;"B"
"Auxiliar de laboratório de análises clínicas";1;"B"
"Auxiliar de manutenção predial";1;"B"
"Avaliador de imóveis";1;"B"
"Barman";1;"B"
"Biotecnologista";1;"B"
"Borracheiro";1;"B"
"Caminhoneiro autônomo (rotas regionais e internacionais)";1;"B"
"Carpinteiro";1;"B"
"Carteiro";1;"B"
"Chapeador";1;"B"
"Chaveiro";1;"B"
"Chefe de bar";1;"B"
"Chefe de contabilidade (técnico)";1;"B"
"Cientista político";1;"B"
"Cirurgião dentista - odontogeriatra";1;"B"
"Cirurgião dentista - protesiólogo bucomaxilofacial";1;"B"
"Comissário de vôo";1;"B"
"Costureiro na confecção em série";1;"B"
"Cozinhador (conservação de alimentos)";1;"B"
"Cozinheiro geral";1;"B"
"Defensor público";1;"B"
"Desenhista industrial gráfico (designer gráfico)";1;"B"
"Desenhista técnico (eletricidade e eletrônica)";1;"B"
"Despachante de trânsito";1;"B"
"Diretor de instituição educacional da área privada";1;"B"
"Diretor de instituição educacional pública";1;"B"
"Diretor de marketing";1;"B"
"Diretor de operações de serviços de transporte";1;"B"
"Diretor de produção e operações de turismo";1;"B"
"Diretor de serviços culturais";1;"B"
"Diretor de serviços de saúde";1;"B"
"Do lar";1;"B"
"Economista";1;"B"
"Economista financeiro";1;"B"
"Educador social";1;"B"
"Eletricista de instalações";1;"B"
"Eletrotécnico";1;"B"
"Eletrotécnico (produção de energia)";1;"B"
"Encanador";1;"B"
"Encarregado de manutenção mecânica de sistemas operacionais";1;"B"
"Enfermeiro auditor";1;"B"
"Enfermeiro do trabalho";1;"B"
"Enfermeiro nefrologista";1;"B"
"Enfermeiro obstétrico";1;"B"
"Engenheiro agrimensor";1;"B"
"Engenheiro civil (estruturas metálicas)";1;"B"
"Engenheiro de controle e automação";1;"B"
"Engenheiro eletricista";1;"B"
"Engenheiro mecatrônico";1;"B"
"Engenheiros de sistemas operacionais em computação";1;"B"
"Farmacêutico industrial";1;"B"
"Fiscal de tributos estadual";1;"B"
"Fisioterapeuta do trabalho";1;"B"
"Fisioterapeuta esportivo";1;"B"
"Fisioterapeuta quiropraxista";1;"B"
"Fisioterapeuta traumato-ortopédica funcional";1;"B"
"Fotógrafo";1;"B"
"Gerente de bar";1;"B"
"Gerente de compras";1;"B"
"Gerente de hotel";1;"B"
"Gerente de recursos humanos";1;"B"
"Gerente de restaurante";1;"B"
"Gerente de serviços culturais";1;"B"
"Gerente de serviços de saúde";1;"B"
"Guia de turismo";1;"B"
"Inspetor de alunos de escola privada";1;"B"
"Instalador de cortinas e persianas, portas sanfonadas e boxe";1;"B"
"Instalador de isolantes térmicos (refrigeração e climatização)";1;"B"
"Jardineiro";1;"B"
"Maquiador";1;"B"
"Maquinista de cinema e vídeo";1;"B"
"Maquinista de teatro e espetáculos";1;"B"
"Mecânico de manutenção de máquinas agrícolas";1;"B"
"Mecânico de manutenção de máquinas cortadoras de grama, roçadeiras, motosserras e similares";1;"B"
"Mecânico de veículos automotores a diesel (exceto tratores)";1;"B"
"Médico cirurgião de cabeça e pescoço";1;"B"
"Médico cirurgião torácico";1;"B"
"Médico coloproctologista";1;"B"
"Médico da estratégia de saúde da família";1;"B"
"Médico oncologista clínico";1;"B"
"Médico pneumologista";1;"B"
"Médico radiologista intervencionista";1;"B"
"Modelista de roupas";1;"B"
"Montador de andaimes (edificações)";1;"B"
"Motociclista no transporte de documentos e pequenos volumes";1;"B"
"Operador de caixa";1;"B"
"Operador de estação de tratamento de água e efluentes";1;"B"
"Perito contábil";1;"B"
"Pesquisador de engenharia e tecnologia (outras áreas da engenharia)";1;"B"
"Pesquisador em biologia humana";1;"B"
"Pintor de cerâmica, a pincel";1;"B"
"Pintor de veículos (reparação)";1;"B"
"Podólogo";1;"B"
"Procurador de justiça";1;"B"
"Produtor agropecuário, em geral";1;"B"
"Professor de administração";1;"B"
"Professor de contabilidade";1;"B"
"Professor de ensino superior na área de prática de ensino";1;"B"
"Professor de física no ensino médio";1;"B"
"Professor de história do ensino fundamental";1;"B"
"Professor de língua portuguesa";1;"B"
"Professor de terapia ocupacional";1;"B"
"Programador de sistemas de informação";1;"B"
"Promotor de vendas";1;"B"
"Psicólogo educacional";1;"B"
"Químico";1;"B"
"Químico industrial";1;"B"
"Recepcionista de seguro saúde";1;"B"
"Recepcionista, em geral";1;"B"
"Reparador de aparelhos eletrodomésticos (exceto imagem e som)";1;"B"
"Secretário - executivo";1;"B"
"Sepultador";1;"B"
"Supervisor da manutenção e reparação de veículos leves";1;"B"
"Supervisor da mecânica de precisão";1;"B"
"Supervisor de almoxarifado";1;"B"
"Supervisor de orçamento";1;"B"
"Supervisor de tesouraria";1;"B"
"Supervisor técnico operacional de sistemas de televisão e produtoras de vídeo";1;"B"
"Tabelião de notas";1;"B"
"Técnico de acabamento em siderurgia";1;"B"
"Técnico de apoio ao usuário de informática (helpdesk)";1;"B"
"Técnico de laboratório industrial";1;"B"
"Técnico de manutenção elétrica";1;"B"
"Técnico de manutenção eletrônica";1;"B"
"Técnico de planejamento de produção";1;"B"
"Técnico de rede (telecomunicações)";1;"B"
"Técnico em administração";1;"B"
"Técnico em automobilística";1;"B"
"Técnico em instrumentação";1;"B"
"Técnico em manutenção de instrumentos de medição e precisão";1;"B"
"Técnico em mecatrônica - automação da manufatura";1;"B"
"Técnico em mecatrônica - robótica";1;"B"
"Técnico em saúde bucal";1;"B"
"Técnico em secretariado";1;"B"
"Técnico em segurança no trabalho";1;"B"
"Tecnólogo em eletricidade";1;"B"
"Tecnólogo em meio ambiente";1;"B"
"Técnólogo em radiologia";1;"B"
"Tecnólogo em telecomunicações";1;"B"
"Torneiro (lavra de pedra)";1;"B"
"Vereador";1;"B"
"Vigia florestal";1;"B"
"Vigilante";1;"B"
"Visual merchandiser";1;"B"
"Zootecnista";1;"B"
"Abatedor";0;"A"
"Açougueiro";0;"A"
"Adestrador de animais";0;"A"
"Advogado (áreas especiais)";0;"A"
"Advogado (direito público)";0;"A"
"Advogado da união";0;"A"
"Advogado de empresa";0;"A"
"Agenciador de propaganda";0;"A"
"Agente de ação social";0;"A"
"Agente de defesa ambiental";0;"A"
"Agente de estação (ferrovia e metrô)";0;"A"
"Agente de inteligência";0;"A"
"Agente de microcrédito";0;"A"
"Agente de polícia federal";0;"A"
"Agente de recrutamento e seleção";0;"A"
"Agente de saúde pública";0;"A"
"Agente de segurança";0;"A"
"Agente de segurança penitenciária";0;"A"
"Agente de viagem";0;"A"
"Agente funerário";0;"A"
"Agente técnico de inteligência";0;"A"
"Ajudante de carvoaria";0;"A"
"Ajudante de confecção";0;"A"
"Ajustador naval (reparo e construção)";0;"A"
"Alfaiate";0;"A"
"Alimentador de linha de produção";0;"A"
"Almoxarife";0;"A"
"Analista de câmbio";0;"A"
"Analista de crédito (instituições financeiras)";0;"A"
"Analista de crédito rural";0;"A"
"Analista de folha de pagamento";0;"A"
"Analista de informações (pesquisador de informações de rede)";0;"A"
"Analista de pcp (programação e controle da produção)";0;"A"
"Analista de pesquisa de mercado";0;"A"
"Analista de planejamento de materias";0;"A"
"Analista de planejamento e orçamento - apo";0;"A"
"Analista de projetos logisticos";0;"A"
"Analista de sinistros";0;"A"
"Analista de suporte computacional";0;"A"
"Analista de transporte em comércio exterior";0;"A"
"Analista musical";0;"A"
"Apresentador de programas de televisão";0;"A"
"Arquiteto de patrimônio";0;"A"
"Arquiteto paisagista";0;"A"
"Arquivista";0;"A"
"Artesão bordador";0;"A"
"Artesão escultor";0;"A"
"Artesão tecelão";0;"A"
"Ascensorista";0;"A"
"Assessor de imprensa";0;"A"
"Assistente comercial de seguros";0;"A"
"Assistente técnico de seguros";0;"A"
"Astrólogo";0;"A"
"Atendente comercial (agência postal)";0;"A"
"Atendente de agência";0;"A"
"Atendente de enfermagem";0;"A"
"Atendente de farmácia - balconista";0;"A"
"Atendente de judiciário";0;"A"
"Atuário";0;"A"
"Auditor-fiscal da receita federal";0;"A"
"Auditor-fiscal do trabalho";0;"A"
"Autor-roteirista";0;"A"
"Auxiliar de cartório";0;"A"
"Auxiliar de desenvolvimento infantil";0;"A"
"Auxiliar de enfermagem da estratégia de saúde da família";0;"A"
"Auxiliar de enfermagem do trabalho";0;"A"
"Auxiliar de farmácia de manipulação";0;"A"
"Auxiliar de judiciário";0;"A"
"Auxiliar de lavanderia";0;"A"
"Auxiliar de logistica";0;"A"
"Auxiliar de pessoal";0;"A"
"Auxiliar de produção farmacêutica";0;"A"
"Auxiliar de prótese dentária";0;"A"
"Auxiliar de seguros";0;"A"
"Auxiliar de serviços jurídicos";0;"A"
"Auxiliar em saúde bucal";0;"A"
"Auxiliar técnico em laboratório de farmácia";0;"A"
"Avaliador de bens móveis";0;"A"
"Avaliador físico";0;"A"
"Babá";0;"A"
"Bailarino (exceto danças populares)";0;"A"
"Barbeiro";0;"A"
"Barista";0;"A"
"Bibliotecário";0;"A"
"Bilheteiro de transportes coletivos";0;"A"
"Bioengenheiro";0;"A"
"Biólogo";0;"A"
"Bombeiro civil";0;"A"
"Cabo da polícia militar";0;"A"
"Caixa de banco";0;"A"
"Caldeireiro (chapas de cobre)";0;"A"
"Camareiro de hotel";0;"A"
"Carpinteiro (esquadrias)";0;"A"
"Carpinteiro de obras";0;"A"
"Carregador (armazém)";0;"A"
"Cartazeiro";0;"A"
"Caseiro (agricultura)";0;"A"
"Cenotécnico (cinema, vídeo, televisão, teatro e espetáculos)";0;"A"
"Chefe de confeitaria";0;"A"
"Chefe de estação portuária";0;"A"
"Chefe de serviço de transporte rodoviário (passageiros e cargas)";0;"A"
"Chefe de serviços bancários";0;"A"
"Churrasqueiro";0;"A"
"Cirurgião dentista - disfunção temporomandibular e dor orofacial";0;"A"
"Cirurgião dentista - epidemiologista";0;"A"
"Cirurgião dentista - estomatologista";0;"A"
"Cirurgião dentista - odontologia do trabalho";0;"A"
"Cirurgião dentista - odontologia para pacientes com necessidades especiais";0;"A"
"Cirurgião dentista - patologista bucal";0;"A"
"Cirurgião dentista - radiologista";0;"A"
"Cirurgião dentista - reabilitador oral";0;"A"
"Cirurgião dentista de saúde coletiva";0;"A"
"Cobrador de transportes coletivos (exceto trem)";0;"A"
"Coletor de lixo domiciliar";0;"A"
"Conferente-expedidor de roupas (lavanderias)";0;"A"
"Conferente de carga e descarga";0;"A"
"Conferente de serviços bancários";0;"A"
"Conselheiro tutelar";0;"A"
"Conservador-restaurador de bens culturais";0;"A"
"Controlador de entrada e saída";0;"A"
"Coordenador de operações de combate à poluição no meio aquaviário";0;"A"
"Coordenador de programação";0;"A"
"Copeiro";0;"A"
"Coreógrafo";0;"A"
"Costurador de artefatos de couro, a mão (exceto roupas e calçados)";0;"A"
"Costurador de calçados, a máquina";0;"A"
"Costureira de reparação de roupas";0;"A"
"Costureiro de roupas de couro e pele, a máquina na confecção em série";0;"A"
"Costureiro, a máquina na confecção em série";0;"A"
"Cozinheiro de hospital";0;"A"
"Cozinheiro industrial";0;"A"
"Criador de bovinos (leite)";0;"A"
"Criador em pecuária polivalente";0;"A"
"Cronoanalista";0;"A"
"Cuidador de idosos";0;"A"
"Dançarino tradicional";0;"A"
"Decorador de eventos";0;"A"
"Decorador de interiores de nível superior";0;"A"
"Delegado de polícia";0;"A"
"Deputado estadual e distrital";0;"A"
"Desenhista copista";0;"A"
"Desenhista detalhista";0;"A"
"Desenhista industrial de produto (designer de produto)";0;"A"
"Desenhista industrial de produto de moda (designer de moda)";0;"A"
"Desenhista projetista de arquitetura";0;"A"
"Desenhista projetista de construção civil";0;"A"
"Desenhista projetista de eletricidade";0;"A"
"Desenhista projetista de máquinas";0;"A"
"Desenhista projetista eletrônico";0;"A"
"Desenhista projetista mecânico";0;"A"
"Desenhista técnico";0;"A"
"Desenhista técnico (arquitetura)";0;"A"
"Desenhista técnico (artes gráficas)";0;"A"
"Desenhista técnico (calefação, ventilação e refrigeração)";0;"A"
"Desenhista técnico (cartografia)";0;"A"
"Desenhista técnico (construção civil)";0;"A"
"Desenhista técnico (ilustrações artísticas)";0;"A"
"Desenhista técnico de embalagens, maquetes e leiautes";0;"A"
"Designer de interiores";0;"A"
"Designer de vitrines";0;"A"
"Designer educacional";0;"A"
"Despachante aduaneiro";0;"A"
"Despachante de transportes coletivos (exceto trem)";0;"A"
"Despachante documentalista";0;"A"
"Detetive profissional";0;"A"
"Dietista";0;"A"
"Digitador";0;"A"
"Diretor artistíco";0;"A"
"Diretor comercial em operações de intermediação financeira";0;"A"
"Diretor de arte";0;"A"
"Diretor de contas (publicidade)";0;"A"
"Diretor de crédito (exceto crédito imobiliário)";0;"A"
"Diretor de crédito imobiliário";0;"A"
"Diretor de criação";0;"A"
"Diretor de fotografia";0;"A"
"Diretor de mídia (publicidade)";0;"A"
"Diretor de operações comerciais (comércio atacadista e varejista)";0;"A"
"Diretor de operações de obras pública e civil";0;"A"
"Diretor de operações de serviços de armazenamento";0;"A"
"Diretor de operações de serviços de telecomunicações";0;"A"
"Diretor de pesquisa e desenvolvimento (p&d)";0;"A"
"Diretor de planejamento estratégico";0;"A"
"Diretor de produção";0;"A"
"Diretor de produção e operações de alimentação";0;"A"
"Diretor de produção e operações em empresa agropecuária";0;"A"
"Diretor de produção e operações em empresa florestal";0;"A"
"Diretor de produção e operações em empresa pesqueira";0;"A"
"Diretor de produtos bancários";0;"A"
"Diretor de programas de televisão";0;"A"
"Diretor de recursos humanos";0;"A"
"Diretor de redação";0;"A"
"Diretor de serviços de informática";0;"A"
"Diretor teatral";0;"A"
"Dirigente do serviço público estadual e distrital";0;"A"
"Dirigente do serviço público municipal";0;"A"
"Dirigente e administrador de organização da sociedade civil sem fins lucrativos";0;"A"
"Dirigente e administrador de organização religiosa";0;"A"
"Dirigentes de entidades patronais";0;"A"
"Documentalista";0;"A"
"Doula";0;"A"
"Economista agroindustrial";0;"A"
"Economista ambiental";0;"A"
"Economista do setor público";0;"A"
"Economista industrial";0;"A"
"Economista regional e urbano";0;"A"
"Editor";0;"A"
"Editor de jornal";0;"A"
"Editor de mídia eletrônica";0;"A"
"Editor de revista";0;"A"
"Editor de texto e imagem";0;"A"
"Editor de tv e vídeo";0;"A"
"Eletricista de instalações (aeronaves)";0;"A"
"Eletricista de instalações (edifícios)";0;"A"
"Eletricista de instalações (veículos automotores e máquinas operatrizes, exceto aeronaves e";0;"A"
"Eletricista de manutenção de linhas elétricas, telefônicas e de comunicação de dados";0;"A"
"Eletrotécnico na fabricação, montagem e instalação de máquinas e equipamentos";0;"A"
"Empregado doméstico arrumador";0;"A"
"Empregado doméstico diarista";0;"A"
"Encarregado de manutenção de instrumentos de controle, medição e similares";0;"A"
"Enfermeiro de centro cirúrgico";0;"A"
"Enfermeiro de terapia intensiva";0;"A"
"Enfermeiro neonatologista";0;"A"
"Enfermeiro sanitarista";0;"A"
"Engenheiro aeronáutico";0;"A"
"Engenheiro ambiental";0;"A"
"Engenheiro cartógrafo";0;"A"
"Engenheiro civil (edificações)";0;"A"
"Engenheiro civil (ferrovias e metrovias)";0;"A"
"Engenheiro civil (geotécnia)";0;"A"
"Engenheiro civil (hidráulica)";0;"A"
"Engenheiro civil (portos e vias navegáveis)";0;"A"
"Engenheiro civil (rodovias)";0;"A"
"Engenheiro civil (saneamento)";0;"A"
"Engenheiro civil (transportes e trânsito)";0;"A"
"Engenheiro de alimentos";0;"A"
"Engenheiro de aplicativos em computação";0;"A"
"Engenheiro de controle de qualidade";0;"A"
"Engenheiro de equipamentos em computação";0;"A"
"Engenheiro de logistica";0;"A"
"Engenheiro de manutenção de telecomunicações";0;"A"
"Engenheiro de materiais";0;"A"
"Engenheiro de pesca";0;"A"
"Engenheiro de redes de comunicação";0;"A"
"Engenheiro de riscos";0;"A"
"Engenheiro de telecomunicações";0;"A"
"Engenheiro de tempos e movimentos";0;"A"
"Engenheiro eletricista de manutenção";0;"A"
"Engenheiro eletricista de projetos";0;"A"
"Engenheiro eletrônico";0;"A"
"Engenheiro eletrônico de manutenção";0;"A"
"Engenheiro eletrônico de projetos";0;"A"
"Engenheiro florestal";0;"A"
"Engenheiro mecânico automotivo";0;"A"
"Engenheiro mecânico industrial";0;"A"
"Engenheiro metalurgista";0;"A"
"Engenheiro projetista de telecomunicações";0;"A"
"Engenheiro químico";0;"A"
"Engenheiro químico (indústria química)";0;"A"
"Engenheiro químico (papel e celulose)";0;"A"
"Engenheiro químico (utilidades e meio ambiente)";0;"A"
"Entregador de publicações";0;"A"
"Entrevistador censitário e de pesquisas amostrais";0;"A"
"Escrevente";0;"A"
"Escritor de ficção";0;"A"
"Escritor de não ficção";0;"A"
"Escriturário de banco";0;"A"
"Escriturário em estatística";0;"A"
"Escrivão de polícia";0;"A"
"Escrivão extra - judicial";0;"A"
"Escrivão judicial";0;"A"
"Especialista de políticas públicas e gestão governamental - eppgg";0;"A"
"Especialista em pesquisa operacional";0;"A"
"Estampador de tecido";0;"A"
"Estatístico";0;"A"
"Esteticista de animais domésticos";0;"A"
"Estofador de aviões";0;"A"
"Estofador de móveis";0;"A"
"Estoquista";0;"A"
"Estudante";0;"A"
"Farmacêutico analista clínico";0;"A"
"Farmacêutico hospitalar e clínico";0;"A"
"Faxineiro";0;"A"
"Feirante";0;"A"
"Finalizador de filmes";0;"A"
"Finalizador de vídeo";0;"A"
"Fiscal de transportes coletivos (exceto trem)";0;"A"
"Fiscal de tributos municipal";0;"A"
"Físico";0;"A"
"Físico (medicina)";0;"A"
"Fisioterapeuta neurofuncional";0;"A"
"Fonoaudiólogo educacional";0;"A"
"Fonoaudiólogo em audiologia";0;"A"
"Fonoaudiólogo em disfagia";0;"A"
"Fonoaudiólogo em linguagem";0;"A"
"Fotógrafo publicitário";0;"A"
"Fotógrafo retratista";0;"A"
"Garagista";0;"A"
"Garçom";0;"A"
"Garçom (serviços de vinhos)";0;"A"
"Geofísico";0;"A"
"Geógrafo";0;"A"
"Geólogo";0;"A"
"Geólogo de engenharia";0;"A"
"Gerente da administração de aeroportos";0;"A"
"Gerente de agência";0;"A"
"Gerente de almoxarifado";0;"A"
"Gerente de câmbio e comércio exterior";0;"A"
"Gerente de captação (fundos e investimentos institucionais)";0;"A"
"Gerente de comunicação";0;"A"
"Gerente de contas - pessoa física e jurídica";0;"A"
"Gerente de crédito e cobrança";0;"A"
"Gerente de crédito imobiliário";0;"A"
"Gerente de crédito rural";0;"A"
"Gerente de departamento pessoal";0;"A"
"Gerente de desenvolvimento de sistemas";0;"A"
"Gerente de grandes contas (corporate)";0;"A"
"Gerente de instituição educacional da área privada";0;"A"
"Gerente de logística (armazenagem e distribuição)";0;"A"
"Gerente de loja e supermercado";0;"A"
"Gerente de marketing";0;"A"
"Gerente de operações de correios e telecomunicações";0;"A"
"Gerente de operações de transportes";0;"A"
"Gerente de pesquisa e desenvolvimento (p&d)";0;"A"
"Gerente de produção de tecnologia da informação";0;"A"
"Gerente de produção e operações agropecuárias";0;"A"
"Gerente de produção e operações aqüícolas";0;"A"
"Gerente de produção e operações da construção civil e obras públicas";0;"A"
"Gerente de produção e operações pesqueiras";0;"A"
"Gerente de produtos bancários";0;"A"
"Gerente de projetos de tecnologia da informação";0;"A"
"Gerente de projetos e serviços de manutenção";0;"A"
"Gerente de rede";0;"A"
"Gerente de riscos";0;"A"
"Gerente de serviços sociais";0;"A"
"Gerente de suporte técnico de tecnologia da informação";0;"A"
"Gerente de suprimentos";0;"A"
"Gerente de turismo";0;"A"
"Gerente de vendas";0;"A"
"Gesseiro";0;"A"
"Gestor em segurança";0;"A"
"Gravador (joalheria e ourivesaria)";0;"A"
"Guarda portuário";0;"A"
"Iluminador (televisão)";0;"A"
"Inspetor de alunos de escola pública";0;"A"
"Inspetor de aviação civil";0;"A"
"Inspetor de qualidade";0;"A"
"Inspetor de risco";0;"A"
"Inspetor de serviços de transportes rodoviários (passageiros e cargas)";0;"A"
"Inspetor de sinistros";0;"A"
"Inspetor de soldagem";0;"A"
"Inspetor de terraplenagem";0;"A"
"Instalador-reparador de equipamentos de comutação em telefonia";0;"A"
"Instalador-reparador de linhas e aparelhos de telecomunicações";0;"A"
"Instalador de sistemas eletroeletrônicos de segurança";0;"A"
"Instalador de som e acessórios de veículos";0;"A"
"Instalador de tubulações";0;"A"
"Instalador de tubulações de gás combustível (produção e distribuição)";0;"A"
"Instrutor de auto-escola";0;"A"
"Instrutor de cursos livres";0;"A"
"Intérprete de língua de sinais";0;"A"
"Investigador de polícia";0;"A"
"Joalheiro";0;"A"
"Jornaleiro (em banca de jornal)";0;"A"
"Juiz de direito";0;"A"
"Juiz do trabalho";0;"A"
"Leiloeiro";0;"A"
"Limpador de piscinas";0;"A"
"Luthier (restauração de cordas arcadas)";0;"A"
"Maître";0;"A"
"Marceneiro";0;"A"
"Marinheiro de convés (marítimo e fluviário)";0;"A"
"Marinheiro de máquinas";0;"A"
"Masseiro (massas alimentícias)";0;"A"
"Matemático";0;"A"
"Mecânico de manutenção de aeronaves, em geral";0;"A"
"Mecânico de manutenção de aparelhos de levantamento";0;"A"
"Mecânico de manutenção de bicicletas e veículos similares";0;"A"
"Mecânico de manutenção de bomba injetora (exceto de veículos automotores)";0;"A"
"Mecânico de manutenção de empilhadeiras e outros veículos de cargas leves";0;"A"
"Mecânico de manutenção de máquinas, em geral";0;"A"
"Mecânico de manutenção de motocicletas";0;"A"
"Mecânico de manutenção de sistema hidráulico de aeronaves (serviços de pista e hangar)";0;"A"
"Mecânico de manutenção de turbinas (exceto de aeronaves)";0;"A"
"Médico alergista e imunologista";0;"A"
"Médico anatomopatologista";0;"A"
"Médico antroposófico";0;"A"
"Médico cancerologista pediátrico";0;"A"
"Médico cirurgião pediátrico";0;"A"
"Médico citopatologista";0;"A"
"Médico em medicina de tráfego";0;"A"
"Médico em medicina nuclear";0;"A"
"Médico fisiatra";0;"A"
"Médico geneticista";0;"A"
"Médico hematologista";0;"A"
"Médico hemoterapeuta";0;"A"
"Médico hiperbarista";0;"A"
"Médico legista";0;"A"
"Médico neurofisiologista clínico";0;"A"
"Médico patologista";0;"A"
"Médico radioterapeuta";0;"A"
"Médico sanitarista";0;"A"
"Mestre (construção civil)";0;"A"
"Mestre de cabotagem";0;"A"
"Mestre de produção química";0;"A"
"Ministro de estado";0;"A"
"Missionário";0;"A"
"Modelista de calçados";0;"A"
"Modelo artístico";0;"A"
"Modelo de modas";0;"A"
"Modelo publicitário";0;"A"
"Monitor de transporte escolar";0;"A"
"Montador de bicicletas";0;"A"
"Montador de equipamento de levantamento";0;"A"
"Montador de equipamentos elétricos";0;"A"
"Montador de equipamentos eletrônicos (computadores e equipamentos auxiliares)";0;"A"
"Motorista de furgão ou veículo similar";0;"A"
"Motorista de ônibus rodoviário";0;"A"
"Motorista de ônibus urbano";0;"A"
"Motorista operacional de guincho";0;"A"
"Motorneiro";0;"A"
"Músico arranjador";0;"A"
"Músico intérprete cantor";0;"A"
"Músico intérprete instrumentista";0;"A"
"Musicólogo";0;"A"
"Musicoterapeuta";0;"A"
"NÃO INFORMADA";0;"A"
"Neuropsicólogo";0;"A"
"Neuropsicopedagogo clinico";0;"A"
"Oceanógrafo";0;"A"
"Oficial de quarto de navegação da marinha mercante";0;"A"
"Oficial do exército";0;"A"
"Operador de áudio de continuidade (rádio)";0;"A"
"Operador de câmera de televisão";0;"A"
"Operador de central hidrelétrica";0;"A"
"Operador de estação de captação, tratamento e distribuição de água";0;"A"
"Operador de gravação de rádio";0;"A"
"Operador de instalação de ar-condicionado";0;"A"
"Operador de máquina de fabricação de produtos de higiene e limpeza (sabão, sabonete, detergente,";0;"A"
"Operador de máquina perfuratriz";0;"A"
"Operador de máquinas-ferramenta convencionais";0;"A"
"Operador de máquinas fixas, em geral";0;"A"
"Operador de negócios";0;"A"
"Operador de telemarketing receptivo";0;"A"
"Operador de transporte multimodal";0;"A"
"Operador de turismo";0;"A"
"Operador de utilidade (produção e distribuição de vapor, gás, óleo, combustível, energia, oxigênio)";0;"A"
"Operador de veículos subaquáticos controlados remotamente";0;"A"
"Operador polivalente da indústria têxtil";0;"A"
"Organizador de evento";0;"A"
"Orientador educacional";0;"A"
"Ortoptista";0;"A"
"Osteopata";0;"A"
"Ourives";0;"A"
"Ouvidor";0;"A"
"Ouvidor (ombudsman) do meio de comunicação";0;"A"
"Papiloscopista policial";0;"A"
"Pedicure";0;"A"
"Pedreiro";0;"A"
"Perfusionista";0;"A"
"Perito criminal";0;"A"
"Pesquisador de clínica médica";0;"A"
"Pesquisador de engenharia civil";0;"A"
"Pesquisador de engenharia elétrica e eletrônica";0;"A"
"Pesquisador de engenharia mecânica";0;"A"
"Pesquisador em biologia ambiental";0;"A"
"Pesquisador em biologia animal";0;"A"
"Pesquisador em biologia de microorganismos e parasitas";0;"A"
"Pesquisador em biologia vegetal";0;"A"
"Pesquisador em ciências agronômicas";0;"A"
"Pesquisador em ciências da computação e informática";0;"A"
"Pesquisador em ciências da pesca e aqüicultura";0;"A"
"Pesquisador em ciências da zootecnia";0;"A"
"Pesquisador em ciências florestais";0;"A"
"Pesquisador em ciências sociais e humanas";0;"A"
"Pesquisador em matemática";0;"A"
"Pesquisador em medicina veterinária";0;"A"
"Pesquisador em psicologia";0;"A"
"Pesquisador em química";0;"A"
"Piloto agrícola";0;"A"
"Piloto comercial (exceto linhas aéreas)";0;"A"
"Piloto comercial de helicóptero (exceto linhas aéreas)";0;"A"
"Piloto de ensaios em vôo";0;"A"
"Pintor de obras";0;"A"
"Pintor por imersão";0;"A"
"Pintor, a pistola (exceto obras e estruturas metálicas)";0;"A"
"Pizzaiolo";0;"A"
"Policial rodoviário federal";0;"A"
"Porteiro (hotel)";0;"A"
"Porteiro de edifícios";0;"A"
"Porteiro de locais de diversão";0;"A"
"Praça da marinha";0;"A"
"Praça do exército";0;"A"
"Prefeito";0;"A"
"Preparador de atleta";0;"A"
"Preparador de máquinas-ferramenta";0;"A"
"Primeiro oficial de máquinas da marinha mercante";0;"A"
"Procurador da assistência judiciária";0;"A"
"Procurador da fazenda nacional";0;"A"
"Procurador da república";0;"A"
"Procurador do estado";0;"A"
"Procurador do município";0;"A"
"Produtor cinematográfico";0;"A"
"Produtor da cultura de soja";0;"A"
"Produtor de rádio";0;"A"
"Produtor de televisão";0;"A"
"Professor da área de meio ambiente";0;"A"
"Professor de alunos com deficiência auditiva e surdos";0;"A"
"Professor de alunos com deficiência física";0;"A"
"Professor de alunos com deficiência mental";0;"A"
"Professor de alunos com deficiência múltipla";0;"A"
"Professor de antropologia do ensino superior";0;"A"
"Professor de aprendizagem e treinamento comercial";0;"A"
"Professor de arquitetura";0;"A"
"Professor de artes do espetáculo no ensino superior";0;"A"
"Professor de artes no ensino médio";0;"A"
"Professor de artes visuais no ensino superior (artes plásticas e multimídia)";0;"A"
"Professor de biologia no ensino médio";0;"A"
"Professor de ciências biológicas do ensino superior";0;"A"
"Professor de ciências exatas e naturais do ensino fundamental";0;"A"
"Professor de computação (no ensino superior)";0;"A"
"Professor de dança";0;"A"
"Professor de desenho técnico";0;"A"
"Professor de direito do ensino superior";0;"A"
"Professor de disciplinas pedagógicas no ensino médio";0;"A"
"Professor de economia";0;"A"
"Professor de educação artística do ensino fundamental";0;"A"
"Professor de enfermagem do ensino superior";0;"A"
"Professor de engenharia";0;"A"
"Professor de ensino superior na área de orientação educacional";0;"A"
"Professor de ensino superior na área de pesquisa educacional";0;"A"
"Professor de estatística (no ensino superior)";0;"A"
"Professor de farmácia e bioquímica";0;"A"
"Professor de filologia e crítica textual";0;"A"
"Professor de filosofia no ensino médio";0;"A"
"Professor de física (ensino superior)";0;"A"
"Professor de fisioterapia";0;"A"
"Professor de geofísica";0;"A"
"Professor de geografia do ensino fundamental";0;"A"
"Professor de geografia do ensino superior";0;"A"
"Professor de geografia no ensino médio";0;"A"
"Professor de geologia";0;"A"
"Professor de história do ensino superior";0;"A"
"Professor de história no ensino médio";0;"A"
"Professor de jornalismo";0;"A"
"Professor de língua alemã";0;"A"
"Professor de língua e literatura brasileira no ensino médio";0;"A"
"Professor de língua espanhola";0;"A"
"Professor de língua estrangeira moderna no ensino médio";0;"A"
"Professor de língua francesa";0;"A"
"Professor de língua italiana";0;"A"
"Professor de língua portuguesa do ensino fundamental";0;"A"
"Professor de línguas estrangeiras modernas";0;"A"
"Professor de literatura de línguas estrangeiras modernas";0;"A"
"Professor de literatura portuguesa";0;"A"
"Professor de matemática aplicada (no ensino superior)";0;"A"
"Professor de matemática do ensino fundamental";0;"A"
"Professor de matemática no ensino médio";0;"A"
"Professor de matemática pura (no ensino superior)";0;"A"
"Professor de medicina";0;"A"
"Professor de medicina veterinária";0;"A"
"Professor de museologia do ensino superior";0;"A"
"Professor de música no ensino superior";0;"A"
"Professor de nível médio na educação infantil";0;"A"
"Professor de nível médio no ensino profissionalizante";0;"A"
"Professor de nível superior do ensino fundamental (primeira a quarta série)";0;"A"
"Professor de nível superior na educação infantil (quatro a seis anos)";0;"A"
"Professor de nível superior na educação infantil (zero a três anos)";0;"A"
"Professor de odontologia";0;"A"
"Professor de psicologia do ensino superior";0;"A"
"Professor de psicologia no ensino médio";0;"A"
"Professor de química (ensino superior)";0;"A"
"Professor de química no ensino médio";0;"A"
"Professor de técnicas de enfermagem";0;"A"
"Professor de tecnologia e cálculo técnico";0;"A"
"Professor instrutor de ensino e aprendizagem agroflorestal";0;"A"
"Professor instrutor de ensino e aprendizagem em serviços";0;"A"
"Professor prático no ensino profissionalizante";0;"A"
"Professores de cursos livres";0;"A"
"Profissional de relações com investidores";0;"A"
"Programador de internet";0;"A"
"Programador de máquinas - ferramenta com comando numérico";0;"A"
"Programador de multimídia";0;"A"
"Programador visual gráfico";0;"A"
"Projetista de móveis";0;"A"
"Promotor de justiça";0;"A"
"Psicanalista";0;"A"
"Psicólogo acupunturista";0;"A"
"Psicólogo do esporte";0;"A"
"Psicólogo do trabalho";0;"A"
"Psicólogo do trânsito";0;"A"
"Psicólogo hospitalar";0;"A"
"Psicólogo jurídico";0;"A"
"Psicólogo social";0;"A"
"Recepcionista de banco";0;"A"
"Recepcionista de casas de espetáculos";0;"A"
"Recepcionista de consultório médico ou dentário";0;"A"
"Recepcionista de hotel";0;"A"
"Recreador";0;"A"
"Redator de publicidade";0;"A"
"Redator de textos técnicos";0;"A"
"Relações públicas";0;"A"
"Reparador de instrumentos musicais";0;"A"
"Repórter de rádio e televisão";0;"A"
"Repositor de mercadorias";0;"A"
"Salva-vidas";0;"A"
"Sargento bombeiro militar";0;"A"
"Sargento da policia militar";0;"A"
"Secretária trilíngüe";0;"A"
"Secretário bilíngüe";0;"A"
"Senador";0;"A"
"Serralheiro";0;"A"
"Servente de obras";0;"A"
"Sócioeducador";0;"A"
"Sociólogo";0;"A"
"Soldado bombeiro militar";0;"A"
"Soldado da polícia militar";0;"A"
"Soldador";0;"A"
"Supervisor da área florestal";0;"A"
"Supervisor da indústria de bebidas";0;"A"
"Supervisor da manutenção e reparação de veículos pesados";0;"A"
"Supervisor das artes gráficas (indústria editorial e gráfica)";0;"A"
"Supervisor de caixas e bilheteiros (exceto caixa de banco)";0;"A"
"Supervisor de câmbio";0;"A"
"Supervisor de carga e descarga";0;"A"
"Supervisor de cobrança";0;"A"
"Supervisor de coletadores de apostas e de jogos";0;"A"
"Supervisor de contas a pagar";0;"A"
"Supervisor de controle patrimonial";0;"A"
"Supervisor de crédito e cobrança";0;"A"
"Supervisor de embalagem e etiquetagem";0;"A"
"Supervisor de ensino";0;"A"
"Supervisor de entrevistadores e recenseadores";0;"A"
"Supervisor de exploração agrícola";0;"A"
"Supervisor de exploração agropecuária";0;"A"
"Supervisor de exploração pecuária";0;"A"
"Supervisor de fabricação de instrumentos musicais";0;"A"
"Supervisor de joalheria";0;"A"
"Supervisor de logística";0;"A"
"Supervisor de manutenção de aparelhos térmicos, de climatização e de refrigeração";0;"A"
"Supervisor de manutenção eletromecânica (utilidades)";0;"A"
"Supervisor de manutenção eletromecânica industrial, comercial e predial";0;"A"
"Supervisor de montagem e instalação eletroeletrônica";0;"A"
"Supervisor de operação de fluidos (distribuição, captação, tratamento de água, gases, vapor)";0;"A"
"Supervisor de operação elétrica (geração, transmissão e distribuição de energia elétrica)";0;"A"
"Supervisor de operações (mídias audiovisuais)";0;"A"
"Supervisor de operações portuárias";0;"A"
"Supervisor de produção da indústria alimentícia";0;"A"
"Supervisor de recepcionistas";0;"A"
"Supervisor de reparos linhas férreas";0;"A"
"Supervisor de telemarketing e atendimento";0;"A"
"Supervisor de transportes";0;"A"
"Supervisor de vendas de serviços";0;"A"
"Sushiman";0;"A"
"Tabelião de protestos";0;"A"
"Técnico agropecuário";0;"A"
"Técnico da receita federal";0;"A"
"Técnico de alimentos";0;"A"
"Técnico de apoio em pesquisa e desenvolvimento (exceto agropecuário e florestal)";0;"A"
"Técnico de comunicação de dados";0;"A"
"Técnico de controle de meio ambiente";0;"A"
"Técnico de desporto individual e coletivo (exceto futebol)";0;"A"
"Técnico de enfermagem da estratégia de saúde da família";0;"A"
"Técnico de enfermagem de terapia intensiva";0;"A"
"Técnico de enfermagem do trabalho";0;"A"
"Técnico de estradas";0;"A"
"Técnico de garantia da qualidade";0;"A"
"Técnico de imobilização ortopédica";0;"A"
"Técnico de laboratório e fiscalização desportiva";0;"A"
"Técnico de manutenção de sistemas e instrumentos";0;"A"
"Técnico de manutenção elétrica de máquina";0;"A"
"Técnico de manutenção eletrônica (circuitos de máquinas com comando numérico)";0;"A"
"Técnico de obras civis";0;"A"
"Técnico de operação (química, petroquímica e afins)";0;"A"
"Técnico de operações e serviços bancários - câmbio";0;"A"
"Técnico de operações e serviços bancários - crédito imobiliário";0;"A"
"Técnico de operações e serviços bancários - leasing";0;"A"
"Técnico de ortopedia";0;"A"
"Técnico de planejamento e programação da manutenção";0;"A"
"Técnico de saneamento";0;"A"
"Técnico de seguros";0;"A"
"Técnico de telecomunicações (telefonia)";0;"A"
"Técnico de transmissão (telecomunicações)";0;"A"
"Técnico do mobiliário";0;"A"
"Técnico eletricista";0;"A"
"Técnico eletrônico";0;"A"
"Técnico em acupuntura";0;"A"
"Técnico em administração de comércio exterior";0;"A"
"Técnico em agrimensura";0;"A"
"Técnico em atendimento e vendas";0;"A"
"Técnico em eletromecânica";0;"A"
"Técnico em farmácia";0;"A"
"Técnico em fotônica";0;"A"
"Técnico em gravação de áudio";0;"A"
"Técnico em hidrografia";0;"A"
"Técnico em higiene ocupacional";0;"A"
"Técnico em instalação de equipamentos de áudio";0;"A"
"Técnico em laboratório de farmácia";0;"A"
"Técnico em manutenção de equipamentos de informática";0;"A"
"Técnico em manutenção de equipamentos e instrumentos médico-hospitalares";0;"A"
"Técnico em manutenção de máquinas";0;"A"
"Técnico em mecânica de precisão";0;"A"
"Técnico em operação de equipamentos de produção para televisão e produtoras de vídeo";0;"A"
"Técnico em óptica e optometria";0;"A"
"Técnico em patologia clínica";0;"A"
"Técnico em saúde bucal da estratégia de saúde da família";0;"A"
"Técnico em sonorização";0;"A"
"Técnico mecânico";0;"A"
"Técnico mecânico (aeronaves)";0;"A"
"Técnico mecânico (calefação, ventilação e refrigeração)";0;"A"
"Técnico mecânico (máquinas)";0;"A"
"Técnico mecânico (motores)";0;"A"
"Técnico químico";0;"A"
"Tecnólogo em fabricação mecânica";0;"A"
"Tecnólogo em gastronomia";0;"A"
"Tecnólogo em gestão administrativo- financeira";0;"A"
"Tecnólogo em gestão da tecnologia da informação";0;"A"
"Tecnólogo em gestão hospitalar";0;"A"
"Tecnólogo em logística de transporte";0;"A"
"Tecnólogo em mecatrônica";0;"A"
"Tecnólogo em metalurgia";0;"A"
"Tecnólogo em produção audiovisual";0;"A"
"Tecnólogo em produção fonográfica";0;"A"
"Tecnólogo em produção industrial";0;"A"
"Tecnólogo em secretariado escolar";0;"A"
"Tecnólogo em segurança do trabalho";0;"A"
"Telefonista";0;"A"
"Teólogo";0;"A"
"Terapeuta holístico";0;"A"
"Tesoureiro de banco";0;"A"
"Topógrafo";0;"A"
"Torneiro na usinagem convencional de madeira";0;"A"
"Tosador de animais domésticos";0;"A"
"Trabalhador de serviços de limpeza e conservação de áreas públicas";0;"A"
"Trabalhador volante da agricultura";0;"A"
"Tradutor";0;"A"
"Tratorista agrícola";0;"A"
"Treinador profissional de futebol";0;"A"
"Turismólogo";0;"A"
"Urbanista";0;"A"
"Vendedor ambulante";0;"A"
"Vendedor em comércio atacadista";0;"A"
"Vendedor em domicílio";0;"A"
"Vidraceiro";0;"A"
"Vigia";0;"A"
"Visitador sanitário";0;"A"
"Vistoriador naval";0;"A"
"Zelador de edifício";0;"A"
